Peugeot,406,mechanical,green,207000,1999,gasoline,False,gasoline,1.8,sedan,False,owned,front,3000.0,False,Гродненская обл.,6,2,False,True,False,False,False,False,False,False,False,False,99
Peugeot,307,automatic,red,250000,2005,gasoline,False,gasoline,1.6,hatchback,False,owned,front,2500.0,False,Витебская обл.,3,3,False,True,False,False,False,False,False,False,False,False,99
Peugeot,206,mechanical,silver,250000,2000,diesel,False,diesel,1.9,hatchback,False,owned,front,2700.0,False,Минская обл.,5,2,False,True,False,False,False,False,False,False,False,True,100
Peugeot,406,mechanical,green,320000,1996,gasoline,False,gasoline,1.8,sedan,False,owned,front,2550.0,False,Витебская обл.,13,2,False,True,False,False,False,False,False,False,False,True,100
Peugeot,406,mechanical,silver,280000,1999,diesel,False,diesel,2.0,sedan,False,owned,front,3300.0,False,Минская обл.,18,2,False,True,False,False,False,False,False,False,False,False,100
Peugeot,308,mechanical,silver,180000,2010,gasoline,False,gasoline,1.6,hatchback,False,owned,front,5850.0,False,Минская обл.,5,2,False,True,False,False,False,True,False,False,False,False,101
Peugeot,406,mechanical,blue,200000,1996,gasoline,False,gasoline,2.0,sedan,False,owned,front,1500.0,False,Минская обл.,12,10,False,False,False,False,False,True,False,False,True,True,102
Peugeot,407,mechanical,black,250000,2006,diesel,False,diesel,1.6,sedan,False,owned,front,6000.0,False,Минская обл.,5,2,False,True,False,False,False,False,False,False,False,False,102
Peugeot,406,mechanical,blue,350000,1999,diesel,False,diesel,1.9,sedan,False,owned,front,2200.0,False,Минская обл.,6,2,False,True,False,False,False,False,False,False,False,False,102
Peugeot,206,mechanical,blue,128000,2009,gasoline,False,gasoline,1.1,hatchback,False,owned,front,4300.0,False,Могилевская обл.,5,2,False,True,False,False,False,False,False,False,False,False,103
Peugeot,607,mechanical,blue,460000,2001,diesel,False,diesel,2.2,sedan,False,owned,front,3300.0,False,Гродненская обл.,3,2,False,True,True,True,False,False,False,True,False,True,103
Peugeot,406,mechanical,green,264800,1997,gasoline,False,gasoline,1.8,sedan,False,owned,front,2000.0,False,Могилевская обл.,9,3,False,True,False,False,True,True,False,False,False,True,103
Peugeot,206,mechanical,black,207000,2007,gasoline,False,gasoline,1.4,sedan,False,owned,front,3600.0,False,Минская обл.,6,2,False,True,False,False,False,False,False,False,False,False,103
Peugeot,605,mechanical,green,350000,1990,gasoline,False,gasoline,2.0,sedan,False,owned,front,1000.0,True,Минская обл.,5,3,False,False,False,False,True,False,False,False,False,False,103
Peugeot,3008,mechanical,brown,53500,2011,gasoline,False,gasoline,1.6,suv,False,owned,front,9300.0,False,Минская обл.,6,2,False,True,False,False,False,True,False,False,True,True,104
Peugeot,Partner,mechanical,other,183000,2010,gasoline,False,gasoline,1.6,minivan,False,owned,front,7500.0,False,Витебская обл.,4,2,False,True,False,True,False,True,False,False,False,False,104
Peugeot,206,mechanical,black,203000,2004,gasoline,False,gasoline,1.6,cabriolet,False,owned,front,3500.0,False,Минская обл.,1,2,False,True,True,False,False,False,False,False,False,True,104
Peugeot,3008,mechanical,brown,134500,2011,gasoline,False,gasoline,1.6,hatchback,False,owned,front,8000.0,False,Гродненская обл.,14,2,False,True,False,False,False,True,False,False,True,True,105
Peugeot,607,mechanical,blue,290000,2002,gasoline,False,gasoline,2.2,sedan,False,owned,front,4700.0,False,Минская обл.,4,2,False,True,False,True,False,False,False,False,True,True,105
Peugeot,406,mechanical,silver,267000,2001,gasoline,False,gasoline,1.8,sedan,False,owned,front,3500.0,False,Минская обл.,9,2,False,False,True,False,False,False,False,False,False,True,105
Peugeot,306,mechanical,red,300000,1996,gasoline,False,gasoline,1.4,hatchback,False,owned,front,1350.0,False,Минская обл.,5,5,False,False,False,False,False,False,False,False,False,True,106
Peugeot,308,mechanical,grey,140000,2008,gasoline,False,gasoline,1.6,hatchback,False,owned,front,5350.0,False,Могилевская обл.,18,2,False,True,False,True,False,True,False,False,False,True,106
Peugeot,Expert,mechanical,white,372000,2002,diesel,False,diesel,2.0,minivan,False,owned,front,4000.0,False,Минская обл.,8,2,False,True,False,False,False,False,False,False,False,False,106
Peugeot,308,mechanical,black,215000,2008,gasoline,False,gasoline,1.6,universal,False,owned,front,5500.0,True,Брестская обл.,5,4,False,True,False,True,False,False,False,False,False,False,108
Peugeot,406,automatic,silver,232000,1998,gasoline,False,gasoline,2.0,sedan,False,owned,front,2600.0,False,Брестская обл.,3,2,False,True,False,False,False,False,False,False,False,False,108
Peugeot,307,mechanical,red,224000,2007,gasoline,False,gasoline,1.6,hatchback,False,owned,front,4150.0,False,Минская обл.,12,2,False,True,False,False,False,False,False,False,False,False,110
Peugeot,Boxer,mechanical,blue,260000,1997,diesel,False,diesel,2.5,minibus,False,owned,front,3500.0,False,Витебская обл.,5,2,False,False,True,False,False,False,False,False,False,False,111
Peugeot,605,automatic,blue,300000,1993,gasoline,False,gasoline,2.0,sedan,False,owned,front,1350.0,True,Минская обл.,4,8,False,False,True,False,True,False,False,False,False,False,112
Peugeot,307,mechanical,other,192000,2004,gasoline,False,gasoline,2.0,universal,False,owned,front,3800.0,False,Брестская обл.,10,2,False,True,False,False,False,True,False,False,True,False,112
Peugeot,206,mechanical,silver,340000,2002,diesel,False,diesel,2.0,hatchback,False,owned,front,2800.0,False,Гродненская обл.,4,3,False,True,False,False,False,False,False,False,False,False,112
Peugeot,206,mechanical,red,180000,2002,gasoline,False,gasoline,1.4,hatchback,False,owned,front,1900.0,True,Брестская обл.,3,2,False,False,False,True,False,False,False,False,False,False,112
Peugeot,407,mechanical,silver,263000,2004,gasoline,False,gasoline,2.2,sedan,False,owned,front,4800.0,False,Минская обл.,17,2,False,True,False,True,True,False,False,True,True,True,113
Peugeot,406,mechanical,blue,111111,2002,gasoline,False,gasoline,2.2,sedan,False,owned,front,2900.0,True,Брестская обл.,8,2,False,True,False,False,False,True,False,False,True,True,113
Peugeot,307,mechanical,silver,210000,2007,gasoline,False,gasoline,1.6,hatchback,False,owned,front,5400.0,False,Витебская обл.,5,2,False,True,False,False,False,True,False,False,False,True,114
Peugeot,308,mechanical,white,104000,2011,gasoline,False,gasoline,1.6,hatchback,False,owned,front,6150.0,False,Минская обл.,6,2,False,True,False,False,False,False,False,False,False,False,115
Peugeot,206,mechanical,other,207000,2007,gasoline,False,gasoline,1.4,sedan,False,owned,front,2670.0,True,Минская обл.,6,5,False,True,False,True,False,False,False,False,True,True,115
Peugeot,406,mechanical,blue,190000,1997,diesel,False,diesel,1.9,universal,False,owned,front,3200.0,False,Брестская обл.,15,3,False,False,False,False,True,False,False,False,False,True,115
Peugeot,407,mechanical,silver,285000,2007,diesel,False,diesel,1.6,universal,False,owned,front,6300.0,False,Гродненская обл.,4,2,False,True,False,False,False,False,False,False,False,False,117
Peugeot,406,mechanical,blue,260000,1998,gasoline,False,gasoline,1.8,sedan,False,owned,front,2450.0,False,Минская обл.,5,2,False,True,False,False,False,False,False,False,False,False,118
Peugeot,605,mechanical,silver,123456,1994,gasoline,False,gasoline,2.0,sedan,False,owned,front,1000.0,True,Брестская обл.,1,5,False,True,False,True,False,False,False,False,False,False,118
Peugeot,407,mechanical,other,225343,2005,diesel,False,diesel,1.6,universal,False,owned,front,5000.0,False,Минская обл.,7,2,False,True,False,False,False,False,False,False,True,False,118
Peugeot,405,mechanical,other,500000,1995,diesel,False,diesel,1.9,universal,False,owned,front,1400.0,True,Минская обл.,16,3,False,False,False,False,False,False,False,False,False,True,119
Peugeot,406,mechanical,other,312685,1997,gasoline,False,gasoline,1.8,sedan,False,owned,front,1900.0,True,Гродненская обл.,7,3,False,False,False,False,False,True,False,False,False,True,119
Peugeot,307,automatic,green,250000,2002,gasoline,False,gasoline,1.6,hatchback,False,owned,front,3800.0,False,Минская обл.,8,2,False,True,False,False,True,False,False,False,False,True,119
Peugeot,307,mechanical,silver,253000,2004,diesel,False,diesel,1.6,universal,False,owned,front,5300.0,False,Витебская обл.,12,7,False,True,False,False,False,False,False,False,True,True,119
Peugeot,605,mechanical,green,300000,1998,gas,True,gasoline,2.0,sedan,False,owned,front,1800.0,False,Витебская обл.,4,2,False,True,False,False,True,True,False,False,False,True,121
Peugeot,605,mechanical,black,450000,1998,gasoline,False,gasoline,3.0,sedan,False,owned,front,2000.0,False,Витебская обл.,4,2,False,True,False,False,False,True,False,False,False,True,122
Peugeot,405,mechanical,red,1111,1994,diesel,False,diesel,1.9,universal,False,owned,front,950.0,False,Минская обл.,4,10,False,False,False,False,False,False,False,False,False,True,123
Peugeot,206,mechanical,blue,153000,2001,diesel,False,diesel,1.9,hatchback,False,emergency,front,10000.0,False,Минская обл.,9,3,False,False,False,False,False,False,False,False,False,True,124
Peugeot,308,automatic,red,106000,2010,gasoline,False,gasoline,1.6,hatchback,False,owned,front,6000.0,False,Гомельская обл.,9,2,False,True,False,False,False,True,False,False,True,True,125
Peugeot,406,mechanical,silver,400000,2002,diesel,False,diesel,2.2,sedan,False,owned,front,3500.0,True,Гомельская обл.,6,8,False,True,False,False,True,True,False,False,False,True,126
Peugeot,607,automatic,silver,300000,2003,diesel,False,diesel,2.2,sedan,False,owned,front,4200.0,True,Минская обл.,11,7,False,True,True,True,True,True,True,True,True,True,127
Peugeot,308,automatic,silver,125000,2009,gasoline,False,gasoline,1.6,hatchback,False,owned,front,5700.0,False,Минская обл.,6,2,False,True,False,False,False,True,False,False,False,True,128
Peugeot,406,mechanical,green,350000,2002,diesel,False,diesel,2.0,sedan,False,owned,front,3500.0,True,Гомельская обл.,10,2,False,True,False,True,False,False,False,False,False,False,129
Peugeot,406,mechanical,green,360000,1995,gasoline,False,gasoline,1.8,hatchback,False,owned,front,1800.0,True,Витебская обл.,3,4,False,True,False,False,False,False,False,False,False,True,129
Peugeot,406,mechanical,red,450000,1996,gasoline,False,gasoline,1.8,sedan,False,owned,front,1600.0,False,Минская обл.,1,3,False,True,False,False,False,False,False,False,False,False,131
Peugeot,406,mechanical,silver,500000,2000,diesel,False,diesel,2.0,universal,False,emergency,front,1000.0,False,Гомельская обл.,4,3,False,True,False,False,False,False,False,False,False,False,131
Peugeot,206,mechanical,silver,250000,2003,diesel,False,diesel,1.4,universal,False,owned,front,3000.0,False,Минская обл.,4,4,False,True,False,False,False,False,False,False,False,False,131
Peugeot,407,mechanical,other,244000,2005,gasoline,False,gasoline,1.8,sedan,False,owned,front,6000.0,False,Минская обл.,24,7,False,True,False,False,False,False,True,True,True,True,132
Peugeot,206,mechanical,black,321000,2002,gasoline,False,gasoline,1.6,hatchback,False,owned,front,3100.0,False,Минская обл.,9,2,False,True,False,False,False,False,False,False,False,True,132
Peugeot,407,mechanical,other,291000,2006,gasoline,False,gasoline,2.0,sedan,False,owned,front,4950.0,True,Минская обл.,6,3,False,True,True,False,False,True,False,True,True,True,132
Peugeot,206,mechanical,silver,159000,2002,gasoline,False,gasoline,1.6,hatchback,False,owned,front,2500.0,False,Минская обл.,10,2,False,False,False,False,False,True,False,False,False,False,133
Peugeot,206,mechanical,silver,253555,1999,gasoline,False,gasoline,1.4,hatchback,False,owned,front,2200.0,False,Гомельская обл.,7,3,False,True,False,False,False,False,False,False,False,False,134
Peugeot,307,automatic,silver,250000,2003,gasoline,False,gasoline,1.6,hatchback,False,owned,front,4000.0,True,Минская обл.,4,4,False,True,False,True,False,False,False,True,True,False,134
Peugeot,307,mechanical,silver,200000,2005,gasoline,False,gasoline,1.4,hatchback,False,owned,front,4700.0,True,Минская обл.,4,2,False,False,True,False,False,False,False,True,True,False,134
Peugeot,208,mechanical,grey,87000,2014,diesel,False,diesel,1.4,hatchback,False,owned,front,7600.0,False,Минская обл.,4,8,False,True,False,False,False,False,False,True,True,False,135
Peugeot,605,mechanical,white,400000,1993,gas,True,gasoline,2.0,sedan,False,owned,front,1100.0,True,Витебская обл.,4,2,False,False,True,False,False,True,False,False,False,False,136
Peugeot,406,mechanical,blue,407000,1997,diesel,False,diesel,1.9,sedan,False,owned,front,2300.0,False,Гомельская обл.,16,2,False,False,False,False,False,False,False,False,False,True,136
Peugeot,207,mechanical,silver,274000,2008,diesel,False,diesel,1.4,hatchback,False,owned,front,4400.0,False,Могилевская обл.,11,4,False,True,False,False,False,False,False,False,True,False,137
Peugeot,307,mechanical,red,300000,2001,gasoline,False,gasoline,1.6,hatchback,False,owned,front,3000.0,False,Брестская обл.,5,2,False,False,False,False,False,False,False,False,False,True,137
Peugeot,806,mechanical,other,330000,1996,gas,True,gasoline,2.0,minivan,False,owned,front,4000.0,False,Минская обл.,8,6,False,True,False,False,True,False,False,False,False,False,138
Peugeot,607,mechanical,blue,298000,2001,gas,True,gasoline,2.2,sedan,False,owned,front,4500.0,False,Брестская обл.,12,2,False,True,False,False,False,True,False,False,False,True,138
Peugeot,308,mechanical,blue,147000,2010,gasoline,False,gasoline,1.6,hatchback,False,owned,front,5000.0,False,Минская обл.,7,13,False,True,False,False,False,True,False,False,True,False,138
Peugeot,206,mechanical,red,145000,2007,gasoline,False,gasoline,1.4,sedan,False,owned,front,3500.0,False,Минская обл.,6,3,False,True,False,True,False,False,False,False,False,False,138
Peugeot,406,mechanical,green,300000,1999,diesel,False,diesel,1.9,sedan,False,owned,front,2000.0,False,Минская обл.,3,2,False,False,False,True,False,False,False,False,False,False,139
Peugeot,308,automatic,red,175000,2008,gasoline,False,gasoline,1.6,hatchback,False,owned,front,5700.0,False,Брестская обл.,14,3,False,True,True,True,False,True,False,False,False,True,139
Peugeot,308,mechanical,grey,250000,2008,gasoline,False,gasoline,1.6,hatchback,False,owned,front,5700.0,False,Минская обл.,2,2,False,True,False,True,False,False,False,False,False,True,139
Peugeot,106,mechanical,other,313000,1996,gasoline,False,gasoline,1.0,hatchback,False,owned,front,1380.0,False,Минская обл.,8,2,False,False,False,False,False,False,False,False,False,True,140
Peugeot,806,mechanical,silver,300000,1998,diesel,False,diesel,2.1,minivan,False,owned,front,3200.0,False,Гродненская обл.,12,3,False,True,False,False,False,False,False,False,True,True,142
Peugeot,206,mechanical,blue,144000,2005,gasoline,False,gasoline,1.1,hatchback,False,owned,front,3700.0,False,Минская обл.,7,4,False,True,False,False,False,False,False,False,False,True,142
Peugeot,406,mechanical,blue,160000,1998,gas,True,gasoline,1.8,universal,False,owned,front,2400.0,False,Брестская обл.,9,2,False,True,False,False,False,False,False,False,False,False,142
Peugeot,406,mechanical,blue,200000,1999,gasoline,False,gasoline,1.8,sedan,False,owned,front,3000.0,True,Минская обл.,6,2,False,True,False,False,False,False,False,False,False,False,143
Peugeot,206,mechanical,blue,310000,2000,gasoline,False,gasoline,1.4,hatchback,False,owned,front,1300.0,True,Минская обл.,8,16,False,False,False,False,False,False,False,False,True,False,143
Peugeot,3008,mechanical,grey,128000,2010,gasoline,False,gasoline,1.6,universal,False,owned,front,8500.0,False,Минская обл.,5,19,False,True,True,False,True,True,True,True,True,True,143
Peugeot,406,mechanical,green,370000,1999,diesel,False,diesel,2.0,sedan,False,owned,front,3500.0,False,Минская обл.,12,3,False,True,False,False,False,False,False,False,False,True,147
Peugeot,307,mechanical,black,251077,2003,diesel,False,diesel,2.0,universal,False,owned,front,5200.0,False,Гомельская обл.,14,2,False,True,False,False,False,False,False,False,False,True,148
Peugeot,406,mechanical,green,295000,1997,gasoline,False,gasoline,1.8,universal,False,owned,front,3000.0,True,Гомельская обл.,8,3,False,True,True,False,False,False,False,False,True,False,148
Peugeot,406,mechanical,grey,300000,2000,gasoline,False,gasoline,1.8,sedan,False,owned,front,3600.0,True,Брестская обл.,4,2,False,True,False,False,False,False,False,False,False,True,148
Peugeot,308,mechanical,grey,112200,2009,gasoline,False,gasoline,1.6,universal,False,owned,front,5500.0,False,Могилевская обл.,18,3,False,True,False,False,False,True,False,False,False,True,149
Peugeot,406,mechanical,red,315000,1998,gasoline,False,gasoline,1.8,sedan,False,owned,front,1900.0,True,Минская обл.,8,18,False,True,False,False,False,False,False,False,False,False,149
Peugeot,406,mechanical,silver,256000,1999,gasoline,False,gasoline,1.8,universal,False,owned,front,2900.0,False,Минская обл.,8,4,False,True,False,False,False,False,False,False,False,False,149
Peugeot,307,mechanical,blue,360540,2004,diesel,False,diesel,2.0,hatchback,False,owned,front,4200.0,False,Минская обл.,7,2,False,True,False,False,False,False,False,False,False,False,149
Peugeot,308,mechanical,black,120000,2015,diesel,False,diesel,1.6,universal,False,owned,front,12000.0,False,Минская обл.,9,2,False,True,True,True,False,True,True,True,True,True,150
Peugeot,406,mechanical,green,199999,1998,gasoline,False,gasoline,1.8,sedan,False,owned,front,1650.0,False,Гродненская обл.,12,2,False,True,False,False,False,False,False,False,False,True,150
Peugeot,406,mechanical,blue,334560,1995,gasoline,False,gasoline,1.8,sedan,False,owned,front,2500.0,False,Гомельская обл.,12,2,False,True,False,True,False,False,False,False,False,True,150
Peugeot,306,mechanical,black,333300,1999,gasoline,False,gasoline,1.8,universal,False,owned,front,2150.0,True,Минская обл.,7,2,False,False,False,False,False,False,False,False,False,True,150
Peugeot,406,mechanical,silver,200000,2000,diesel,False,diesel,2.0,sedan,False,owned,front,2700.0,True,Витебская обл.,9,7,False,True,False,False,False,False,False,False,False,False,150
Peugeot,405,mechanical,grey,222222,1988,gasoline,False,gasoline,1.8,universal,False,owned,front,550.0,False,Гомельская обл.,8,4,False,False,False,False,False,False,False,False,False,True,151
Peugeot,607,mechanical,black,238000,2001,gasoline,False,gasoline,3.0,sedan,False,owned,front,4600.0,False,Витебская обл.,5,2,False,True,True,True,True,True,False,False,True,True,151
Peugeot,406,mechanical,silver,330000,2003,gasoline,False,gasoline,1.8,sedan,False,owned,front,3260.0,False,Минская обл.,8,2,False,True,False,False,False,True,False,False,False,False,151
Peugeot,407,mechanical,black,252000,2004,gasoline,False,gasoline,2.0,sedan,False,owned,front,5200.0,False,Минская обл.,7,4,False,True,False,False,False,False,False,False,True,True,151
Peugeot,408,automatic,black,134000,2012,gasoline,False,gasoline,1.6,hatchback,False,owned,front,8700.0,True,Минская обл.,10,2,False,True,False,True,False,True,True,True,False,True,151
Peugeot,306,mechanical,green,250000,1999,gasoline,False,gasoline,1.6,cabriolet,False,owned,front,3200.0,False,Витебская обл.,13,2,False,False,False,False,True,False,False,False,False,True,151
Peugeot,806,mechanical,green,410000,1995,gas,True,gasoline,2.0,minivan,False,owned,front,2600.0,False,Могилевская обл.,11,2,False,True,False,False,False,False,False,False,False,False,153
Peugeot,5008,automatic,grey,130000,2015,diesel,False,diesel,1.6,minivan,False,owned,front,14444.0,False,Минская обл.,11,2,False,True,True,True,True,True,True,True,True,False,154
Peugeot,407,automatic,black,292000,2006,gasoline,False,gasoline,2.0,sedan,False,owned,front,4400.0,False,Гомельская обл.,4,2,False,True,False,True,False,True,False,False,True,True,155
Peugeot,Boxer,mechanical,red,222000,2009,diesel,False,diesel,2.2,minibus,False,owned,front,12500.0,True,Гродненская обл.,9,2,False,True,False,True,False,False,False,False,True,False,155
Peugeot,307,mechanical,violet,400000,2003,diesel,False,diesel,1.6,universal,False,owned,front,3500.0,False,Могилевская обл.,4,2,False,False,False,False,False,False,False,False,False,True,155
Peugeot,307,mechanical,orange,395000,2002,diesel,False,diesel,2.0,universal,False,owned,front,4800.0,False,Минская обл.,30,3,False,True,False,False,False,False,False,False,True,True,156
Peugeot,605,automatic,black,240000,1998,gasoline,False,gasoline,2.0,sedan,False,owned,front,2600.0,False,Минская обл.,5,6,False,True,False,False,True,True,False,True,False,True,156
Peugeot,207,mechanical,white,180000,2006,gasoline,False,gasoline,1.4,hatchback,False,owned,front,4630.0,False,Минская обл.,4,2,False,True,False,False,False,False,False,False,False,False,157
Peugeot,308,mechanical,grey,120000,2011,gasoline,False,gasoline,1.6,hatchback,False,owned,front,6700.0,False,Витебская обл.,8,2,False,True,False,False,False,True,False,False,False,False,157
Peugeot,307,mechanical,silver,249000,2002,gasoline,False,gasoline,1.6,universal,False,owned,front,3651.71,False,Минская обл.,4,3,False,True,False,False,False,False,False,False,True,False,157
Peugeot,308,automatic,black,190000,2008,gasoline,False,gasoline,1.6,hatchback,False,owned,front,4700.0,False,Минская обл.,7,7,False,True,False,False,False,False,False,False,False,False,157
Peugeot,308,automatic,blue,170000,2010,gasoline,False,gasoline,1.6,universal,False,owned,front,6000.0,True,Минская обл.,12,2,False,True,False,False,False,False,False,False,True,True,157
Peugeot,3008,mechanical,white,140000,2010,gasoline,False,gasoline,1.6,minivan,False,owned,front,9000.0,False,Минская обл.,5,2,False,True,False,True,False,True,False,False,False,True,158
Peugeot,407,mechanical,black,230000,2004,gasoline,False,gasoline,2.2,sedan,False,owned,front,6700.0,True,Минская обл.,8,6,False,True,True,True,False,True,True,False,True,True,160
Peugeot,5008,mechanical,silver,106000,2016,diesel,False,diesel,1.6,minivan,False,owned,front,13950.0,False,Минская обл.,19,3,False,True,True,True,False,True,True,True,True,True,160
Peugeot,406,mechanical,blue,340000,1998,gasoline,False,gasoline,1.8,sedan,False,owned,front,2300.0,False,Минская обл.,33,32,False,True,False,False,False,False,False,False,False,False,161
Peugeot,206,mechanical,red,142000,2007,gasoline,False,gasoline,1.4,hatchback,False,owned,front,4000.0,False,Брестская обл.,1,8,False,True,False,False,False,False,False,False,False,False,161
Peugeot,207,mechanical,other,130000,2008,gasoline,False,gasoline,1.4,hatchback,False,owned,front,5500.0,False,Гродненская обл.,4,4,False,True,False,False,False,False,False,False,False,True,161
Peugeot,406,mechanical,green,300000,1999,diesel,False,diesel,2.0,universal,False,owned,front,2550.0,False,Могилевская обл.,5,2,False,True,False,False,False,False,False,False,False,False,161
Peugeot,406,mechanical,blue,370000,2002,gasoline,False,gasoline,1.8,sedan,False,owned,front,2500.0,False,Минская обл.,11,2,False,True,True,False,False,True,False,False,False,True,162
Peugeot,406,mechanical,other,300000,2000,gasoline,False,gasoline,1.8,sedan,False,owned,front,3200.0,False,Минская обл.,7,3,False,True,False,False,False,True,False,False,False,True,164
Peugeot,308,automatic,silver,1000000,2008,gasoline,False,gasoline,1.6,hatchback,False,owned,front,5000.0,False,Гродненская обл.,13,7,False,True,False,True,False,True,False,True,True,True,165
Peugeot,406,mechanical,silver,230000,1999,gasoline,False,gasoline,2.0,sedan,False,owned,front,3800.0,False,Минская обл.,8,3,False,True,False,False,False,False,False,True,False,True,166
Peugeot,406,mechanical,silver,495000,2001,diesel,False,diesel,2.0,universal,False,emergency,front,1000.0,False,Минская обл.,10,19,False,True,False,False,False,False,False,False,True,False,168
Peugeot,407,mechanical,silver,350000,2006,diesel,False,diesel,1.6,universal,False,owned,front,4400.0,False,Минская обл.,7,17,False,True,False,False,False,True,False,True,True,True,174
Peugeot,Boxer,mechanical,blue,300000,2012,diesel,False,diesel,2.2,van,False,owned,front,13500.0,False,Минская обл.,12,18,False,True,False,False,False,False,False,False,False,False,174
Peugeot,607,mechanical,silver,300000,2002,diesel,False,diesel,2.2,sedan,False,owned,front,6150.0,False,Гродненская обл.,5,4,False,True,False,False,True,False,False,True,True,True,175
Peugeot,607,mechanical,blue,390000,2003,diesel,False,diesel,2.2,sedan,False,owned,front,5500.0,False,Гомельская обл.,18,7,False,True,True,True,True,True,True,True,True,True,175
Peugeot,407,automatic,silver,162000,2008,gasoline,False,gasoline,2.0,sedan,False,owned,front,7500.0,False,Минская обл.,4,16,False,True,False,True,False,True,False,False,True,True,175
Peugeot,806,mechanical,blue,525000,1998,gasoline,False,gasoline,2.0,minivan,False,owned,front,3200.0,False,Минская обл.,6,5,False,True,False,False,False,False,False,False,False,False,177
Peugeot,605,mechanical,grey,360000,1998,gasoline,False,gasoline,3.0,sedan,False,owned,front,2600.0,True,Гомельская обл.,7,6,False,True,False,False,False,True,False,False,False,True,180
Peugeot,406,mechanical,brown,250000,2004,gasoline,False,gasoline,1.8,sedan,False,owned,front,5600.0,False,Гродненская обл.,24,7,False,True,True,True,True,True,False,False,True,True,183
Peugeot,406,mechanical,green,300000,2000,gasoline,False,gasoline,1.8,sedan,False,owned,front,2600.0,False,Минская обл.,11,10,False,True,False,False,False,False,False,False,False,True,187
Peugeot,3008,mechanical,silver,210000,2010,gasoline,False,gasoline,1.6,suv,False,owned,front,8700.0,False,Гродненская обл.,10,10,False,True,True,False,False,False,False,True,True,False,189
Peugeot,Partner,mechanical,grey,214000,2010,diesel,False,diesel,1.6,minivan,False,owned,front,7100.0,False,Минская обл.,8,8,False,True,True,True,False,True,False,False,False,True,189
Peugeot,607,automatic,green,160000,2001,gasoline,False,gasoline,2.2,sedan,False,owned,front,4800.0,False,Витебская обл.,12,2,False,True,False,True,True,True,False,False,False,True,189
Peugeot,407,mechanical,black,170000,2006,gasoline,False,gasoline,2.2,sedan,False,owned,front,5200.0,False,Минская обл.,5,3,False,True,False,True,False,True,False,False,True,True,190
Peugeot,406,mechanical,green,320000,1995,gasoline,False,gasoline,1.8,sedan,False,owned,front,1800.0,True,Гродненская обл.,10,10,False,False,False,False,False,False,False,False,False,True,194
Peugeot,5008,automatic,grey,290000,2010,diesel,False,diesel,1.6,minivan,False,owned,front,9500.0,True,Минская обл.,3,8,False,True,False,True,False,False,False,True,True,True,195
Peugeot,Expert,mechanical,blue,35000,2001,diesel,False,diesel,2.0,minivan,False,owned,front,5300.0,False,Гродненская обл.,11,6,False,False,False,False,False,False,False,False,False,True,196
Peugeot,Partner,mechanical,grey,237000,2005,diesel,False,diesel,1.9,minivan,False,owned,front,3900.0,False,Минская обл.,3,27,False,False,False,True,False,False,False,False,False,True,198
Peugeot,308,automatic,grey,139000,2008,gasoline,False,gasoline,1.6,hatchback,False,owned,front,5800.0,False,Минская обл.,12,7,False,True,False,True,False,True,False,False,True,True,204
Peugeot,406,mechanical,green,368776,1996,gasoline,False,gasoline,1.8,sedan,False,owned,front,2200.0,False,Могилевская обл.,14,41,False,False,False,False,False,False,False,False,False,True,206
Peugeot,206,mechanical,black,163202,2007,gasoline,False,gasoline,1.4,sedan,False,owned,front,2500.0,False,Витебская обл.,12,15,False,True,False,False,True,False,False,False,False,True,209
Peugeot,605,mechanical,blue,270000,1997,gasoline,False,gasoline,2.0,sedan,False,owned,front,2100.0,True,Минская обл.,4,31,False,True,False,False,False,False,False,True,False,True,211
Peugeot,306,mechanical,silver,395000,2000,diesel,False,diesel,2.0,universal,False,owned,front,2800.0,True,Брестская обл.,7,46,False,True,False,False,False,False,False,False,True,False,211
Peugeot,605,mechanical,green,555555,1990,gasoline,False,gasoline,2.0,sedan,False,owned,front,1100.0,False,Гомельская обл.,19,20,False,False,False,False,False,False,False,False,False,True,211
Peugeot,406,mechanical,white,361000,1998,diesel,False,diesel,1.9,sedan,False,owned,front,2250.0,True,Гродненская обл.,12,26,False,False,False,False,False,False,False,False,False,True,213
Peugeot,308,mechanical,black,131000,2009,gasoline,False,gasoline,1.6,universal,False,owned,front,6100.0,False,Витебская обл.,5,4,False,True,False,False,False,True,False,False,True,True,213
Peugeot,Boxer,mechanical,white,350000,1999,diesel,False,diesel,2.5,van,False,owned,front,4150.0,False,Минская обл.,7,23,False,True,False,False,False,False,False,False,False,False,216
Peugeot,406,mechanical,grey,323000,2001,gasoline,False,gasoline,2.0,universal,False,owned,front,4000.0,False,Брестская обл.,8,33,False,True,False,False,False,True,False,False,False,False,224
Peugeot,206,mechanical,green,320000,2000,gasoline,False,gasoline,1.1,hatchback,False,owned,front,2200.0,False,Минская обл.,4,33,False,False,False,False,False,False,False,False,False,True,243
Peugeot,407,mechanical,black,175000,2008,gasoline,False,gasoline,1.8,sedan,False,owned,front,6300.0,False,Минская обл.,5,22,False,True,False,False,False,True,False,False,True,False,244
Peugeot,306,mechanical,black,394000,1998,diesel,False,diesel,1.9,universal,False,owned,front,1700.0,True,Минская обл.,4,14,False,True,False,False,False,False,False,False,True,False,266
Peugeot,3008,mechanical,grey,272000,2009,diesel,False,diesel,1.6,hatchback,False,owned,front,10000.0,True,Минская обл.,4,2,False,True,False,False,False,False,False,False,True,True,274
Peugeot,607,automatic,blue,270000,2001,diesel,False,diesel,2.2,sedan,False,owned,front,4500.0,True,Гродненская обл.,10,28,False,True,False,False,False,False,False,False,False,True,288
Peugeot,5008,automatic,grey,186000,2014,diesel,False,diesel,1.6,minivan,False,owned,front,13000.0,False,Гомельская обл.,9,19,False,True,False,True,False,False,True,True,True,True,303
Peugeot,407,automatic,yellow,222000,2004,gasoline,False,gasoline,2.0,sedan,False,owned,front,3900.0,True,Витебская обл.,2,23,False,False,True,True,False,True,False,False,True,True,339
Peugeot,3008,automatic,grey,200348,2010,diesel,False,diesel,1.6,universal,False,owned,front,9200.0,False,Могилевская обл.,19,2,False,True,False,True,False,False,True,True,True,True,339
Peugeot,207,mechanical,silver,164000,2008,gasoline,False,gasoline,1.4,hatchback,False,owned,front,4268.22,False,Минская обл.,8,11,False,True,False,True,False,True,False,False,True,True,344
Peugeot,407,automatic,silver,260000,2004,gasoline,False,gasoline,2.2,sedan,False,owned,front,4700.0,True,Минская обл.,12,127,False,True,False,True,False,True,False,False,True,True,389
Peugeot,607,automatic,grey,305000,2001,diesel,False,diesel,2.2,sedan,False,owned,front,4200.0,True,Минская обл.,6,27,False,True,True,True,True,True,False,True,True,True,470
Peugeot,306,mechanical,red,302000,1998,diesel,False,diesel,1.9,universal,False,owned,front,1500.0,False,Минская обл.,11,51,False,True,False,False,False,False,False,False,False,True,476
Peugeot,307,mechanical,silver,150000,2005,gasoline,False,gasoline,1.6,universal,False,owned,front,5650.0,False,Могилевская обл.,4,1,False,True,False,False,False,False,False,False,False,True,80
Peugeot,Boxer,mechanical,white,382000,2010,diesel,False,diesel,2.2,van,False,owned,front,12000.0,True,Минская обл.,10,28,False,False,False,True,False,False,True,False,False,False,390
Peugeot,307,automatic,silver,294342,2002,gasoline,False,gasoline,1.6,universal,False,owned,front,3400.0,False,Гомельская обл.,11,1,False,True,False,False,False,False,False,False,True,True,81
Peugeot,406,mechanical,other,380000,1999,diesel,False,diesel,2.0,sedan,False,owned,front,4742.47,False,Брестская обл.,3,1,True,False,False,False,False,False,False,False,False,False,84
Peugeot,405,mechanical,silver,20000,1990,diesel,False,diesel,1.9,universal,False,owned,front,1100.0,False,Минская обл.,10,1,True,False,False,False,False,False,False,False,False,False,92
Peugeot,Boxer,mechanical,orange,1000000,1997,diesel,False,diesel,2.5,minibus,False,owned,front,3000.0,True,Гродненская обл.,6,1,True,False,False,False,False,False,False,False,False,False,100
Chrysler,Concorde,automatic,grey,354056,1998,gasoline,False,gasoline,2.7,sedan,False,owned,front,2000.0,True,Минская обл.,15,28,True,False,False,False,False,False,False,False,False,False,57
Chrysler,Pacifica,automatic,black,175000,2005,gasoline,False,gasoline,3.5,suv,False,owned,front,6500.0,False,Минская обл.,13,7,False,False,False,False,True,False,False,False,False,True,9
Chrysler,Voyager,mechanical,red,553258,1997,gasoline,False,gasoline,2.4,minivan,False,owned,front,1500.0,False,Минская обл.,1,1,False,False,False,False,False,False,False,False,False,True,0
Chrysler,Voyager,mechanical,green,405000,1998,gasoline,False,gasoline,2.4,minivan,False,owned,front,2800.0,False,Минская обл.,8,4,False,False,True,False,False,False,False,False,False,False,13
Chrysler,Sebring,automatic,silver,319173,2004,gasoline,False,gasoline,2.4,sedan,False,owned,front,2100.0,True,Витебская обл.,8,43,True,False,False,False,False,False,False,False,False,False,213
Chrysler,Pacifica,automatic,silver,363000,2003,gas,True,gasoline,3.5,minivan,False,owned,front,5100.0,False,Минская обл.,18,54,False,True,False,False,True,True,False,False,True,True,126
Chrysler,300,automatic,black,157716,2008,gasoline,False,gasoline,2.7,sedan,False,owned,rear,9700.0,False,Минская обл.,11,59,False,True,False,False,True,True,False,False,False,True,89
Chrysler,Neon,automatic,blue,300947,2001,gasoline,False,gasoline,2.0,sedan,False,owned,front,3450.0,False,Минская обл.,16,5,False,True,False,False,False,False,False,False,False,True,6
Chrysler,Grand Voyager,mechanical,silver,350000,1999,diesel,False,diesel,2.5,minivan,False,owned,front,3500.0,True,Минская обл.,10,2,False,True,False,False,False,False,False,True,False,True,1
Chrysler,LHS,automatic,black,335000,1999,gas,True,gasoline,3.5,sedan,False,owned,front,2430.0,True,Гомельская обл.,7,36,False,False,False,True,True,True,False,False,True,True,64
Chrysler,300,automatic,black,314646,2000,gasoline,False,gasoline,3.5,sedan,False,owned,front,3000.0,True,Минская обл.,12,52,False,False,False,False,True,False,False,False,False,True,205
Chrysler,Pacifica,automatic,other,245000,2004,gasoline,False,gasoline,3.5,minivan,False,owned,all,8000.0,True,Минская обл.,6,5,False,True,False,False,True,True,False,False,False,True,59
Chrysler,Grand Voyager,mechanical,silver,400000,2002,diesel,False,diesel,2.5,minivan,False,owned,front,6000.0,False,Минская обл.,9,27,False,True,False,True,False,False,False,False,False,False,82
Chrysler,Voyager,mechanical,silver,300000,2002,diesel,False,diesel,2.5,minivan,False,owned,front,6000.0,False,Минская обл.,1,23,False,True,False,True,False,False,False,False,False,False,76
Chrysler,PT Cruiser,automatic,grey,297729,2003,gasoline,False,gasoline,2.4,universal,False,owned,front,3500.0,False,Минская обл.,7,23,False,True,False,False,True,True,False,False,True,False,64
Chrysler,Voyager,mechanical,green,285000,1997,gasoline,False,gasoline,2.4,minivan,False,owned,front,3500.0,False,Минская обл.,16,15,False,False,False,False,True,False,False,False,False,True,17
Chrysler,Voyager,automatic,silver,299333,2000,gasoline,False,gasoline,2.4,minivan,False,owned,front,2100.0,True,Брестская обл.,10,8,False,False,False,True,False,False,False,False,False,True,12
Chrysler,Le Baron,mechanical,blue,180000,1993,diesel,False,diesel,1.9,cabriolet,False,owned,front,1500.0,True,Могилевская обл.,5,1,False,False,False,False,True,False,False,False,False,True,0
Chrysler,Town&Country,automatic,blue,320000,2005,gas,True,gasoline,3.3,minivan,False,owned,front,7500.0,True,Брестская обл.,4,25,False,True,False,False,False,False,False,False,False,True,29
Chrysler,Town&Country,automatic,black,207000,2010,gasoline,False,gasoline,3.6,minivan,False,owned,front,17500.0,False,Минская обл.,10,63,False,True,False,False,False,False,False,True,True,True,117
Chrysler,Grand Voyager,automatic,black,219940,2010,diesel,False,diesel,2.8,minivan,False,owned,front,14500.0,True,Минская обл.,33,15,False,True,False,True,False,False,False,True,False,True,17
Chrysler,Town&Country,automatic,silver,240000,2006,gasoline,False,gasoline,3.3,minivan,False,owned,front,5250.0,False,Минская обл.,17,3,True,False,False,False,False,False,False,False,False,False,5
Chrysler,Town&Country,automatic,silver,250000,2003,gas,True,gasoline,3.8,minivan,False,owned,front,5900.0,False,Минская обл.,8,21,False,True,False,True,True,False,False,False,False,True,80
Chrysler,Grand Voyager,mechanical,black,296000,2001,diesel,False,diesel,2.5,minivan,False,owned,front,6500.0,True,Минская обл.,11,41,False,True,False,False,True,False,False,False,False,True,63
Chrysler,Town&Country,automatic,silver,277600,2004,gasoline,False,gasoline,3.3,minivan,False,owned,front,4500.0,False,Минская обл.,4,13,False,True,False,False,False,False,False,False,False,False,16
Chrysler,Voyager,mechanical,white,574589,1997,gas,True,gasoline,2.4,minivan,False,owned,front,3890.0,True,Минская обл.,4,17,False,True,False,False,False,False,False,False,False,True,74
Chrysler,PT Cruiser,automatic,black,185258,2006,gasoline,False,gasoline,2.4,hatchback,False,owned,front,5999.0,True,Могилевская обл.,13,55,False,True,True,False,True,False,False,True,True,True,266
Chrysler,Voyager,mechanical,green,330000,1997,diesel,False,diesel,2.5,minivan,False,owned,front,3100.0,False,Могилевская обл.,12,4,False,True,False,False,False,False,False,True,False,False,9
Chrysler,300,automatic,black,126691,2006,gasoline,False,gasoline,3.5,sedan,False,owned,all,8850.0,True,Минская обл.,30,65,False,True,True,True,True,True,False,True,True,True,83
Chrysler,Voyager,mechanical,blue,410000,1999,gasoline,False,gasoline,2.4,minivan,False,owned,front,3600.0,False,Гродненская обл.,14,13,False,True,False,False,False,False,False,False,False,False,37
Chrysler,Cirrus,automatic,silver,370149,2000,gasoline,False,gasoline,2.5,sedan,False,owned,front,1000.0,False,Минская обл.,6,51,False,False,True,False,True,False,False,False,False,True,77
Chrysler,Sebring,automatic,brown,224825,2003,gasoline,False,gasoline,2.4,sedan,False,owned,front,3400.0,True,Минская обл.,7,4,False,True,False,False,False,False,False,False,False,True,6
Chrysler,Voyager,mechanical,blue,340000,2002,diesel,False,diesel,2.5,minivan,False,owned,front,5000.0,True,Гомельская обл.,6,55,False,True,False,False,False,False,False,False,True,True,407
Chrysler,Stratus,automatic,green,330000,1999,gasoline,False,gasoline,2.0,sedan,False,owned,front,2200.0,True,Гомельская обл.,11,19,False,True,True,False,False,False,False,False,False,True,32
Chrysler,Sebring,automatic,black,273588,2003,gasoline,False,gasoline,2.7,sedan,False,owned,front,1500.0,True,Минская обл.,3,3,False,True,False,False,False,False,False,False,True,True,13
Chrysler,LHS,automatic,silver,218000,1995,gasoline,False,gasoline,3.5,sedan,False,owned,front,2222.0,True,Брестская обл.,6,4,False,False,True,False,True,False,False,False,True,True,26
Chrysler,300,automatic,white,136794,2009,gasoline,False,gasoline,3.5,sedan,False,owned,rear,11999.0,False,Минская обл.,11,7,False,True,True,True,True,True,True,True,True,True,10
Chrysler,300,automatic,white,72420,2006,gasoline,False,gasoline,3.5,limousine,False,owned,rear,15300.0,False,Минская обл.,5,7,False,True,True,True,True,True,True,True,True,True,10
Chrysler,300,automatic,other,460000,1998,gasoline,False,gasoline,3.5,sedan,False,owned,front,2100.0,False,Минская обл.,4,11,False,False,True,False,True,True,False,False,False,True,88
Chrysler,Sebring,automatic,red,289682,2002,gasoline,False,gasoline,2.4,sedan,False,owned,front,2250.0,False,Минская обл.,6,8,False,True,False,False,False,False,False,False,True,True,18
Chrysler,300,automatic,silver,197000,2001,gasoline,False,gasoline,3.5,sedan,False,owned,front,4100.0,True,Гомельская обл.,6,14,False,True,True,False,True,True,False,False,False,True,20
Chrysler,Pacifica,automatic,silver,331525,2007,gas,True,gasoline,4.0,suv,False,owned,front,6250.0,True,Минская обл.,45,4,False,False,False,True,False,False,False,False,True,True,4
Chrysler,Grand Voyager,mechanical,brown,420000,1997,diesel,False,diesel,2.5,minivan,False,owned,front,4200.0,True,Минская обл.,4,219,False,True,False,False,False,False,False,False,False,True,708
Chrysler,PT Cruiser,mechanical,silver,320000,2002,diesel,False,diesel,2.2,hatchback,False,owned,front,3500.0,False,Минская обл.,3,91,False,True,False,False,False,False,False,False,False,True,250
Chrysler,Sebring,automatic,blue,347618,2001,gasoline,False,gasoline,2.4,sedan,False,owned,front,2999.0,True,Минская обл.,11,74,True,False,False,False,False,False,False,False,False,False,81
Chrysler,Neon,automatic,green,100000,2000,gasoline,False,gasoline,2.0,sedan,False,owned,front,2300.0,False,Минская обл.,3,350,False,True,False,False,False,True,False,False,False,False,400
Chrysler,Grand Voyager,automatic,black,225000,2007,diesel,False,diesel,2.8,minivan,False,owned,front,8631.32,False,Брестская обл.,12,1,False,False,True,True,True,True,False,False,False,True,1
Chrysler,Town&Country,automatic,green,459186,2005,gas,True,gasoline,3.3,minivan,False,owned,front,4900.0,True,Минская обл.,7,9,False,True,False,True,False,False,False,False,False,False,14
Chrysler,Neon,mechanical,black,200000,2000,gasoline,False,gasoline,2.0,sedan,False,owned,front,1500.0,True,Минская обл.,5,36,True,False,False,False,False,False,False,False,False,False,51
Chrysler,Town&Country,automatic,other,194731,2009,gasoline,False,gasoline,4.0,minivan,False,owned,front,16200.0,True,Минская обл.,12,34,False,False,True,True,True,True,True,True,True,True,88
Chrysler,Voyager,mechanical,violet,360000,1997,gas,True,gasoline,2.4,minivan,False,owned,front,2500.0,True,Минская обл.,14,7,False,True,False,False,False,False,False,False,False,False,9
Chrysler,Sebring,automatic,red,111111,2001,gasoline,False,gasoline,2.4,sedan,False,owned,front,2400.0,False,Гродненская обл.,5,1,True,False,False,False,False,False,False,False,False,False,1
Chrysler,Intrepid,automatic,violet,370000,1999,gas,True,gasoline,3.2,sedan,False,owned,front,2600.0,True,Минская обл.,9,30,False,True,False,True,False,False,False,False,True,True,38
Chrysler,Caravan,automatic,other,315000,2000,gas,True,gasoline,3.3,minivan,False,owned,front,3900.0,False,Минская обл.,12,64,False,True,False,False,False,False,False,False,False,True,88
Chrysler,Sebring,automatic,white,245000,1999,gasoline,False,gasoline,2.5,cabriolet,False,owned,front,3000.0,True,Минская обл.,8,44,False,True,True,False,False,False,False,False,False,True,54
Chrysler,Sebring,automatic,other,210000,2008,gasoline,False,gasoline,2.4,sedan,False,owned,front,4100.0,True,Минская обл.,7,117,False,True,False,False,False,False,False,False,False,True,248
Chrysler,Town&Country,automatic,silver,315431,1999,gas,True,gasoline,3.3,minivan,False,owned,front,2850.0,False,Минская обл.,20,3,False,False,True,False,True,False,False,False,False,True,8
Chrysler,Neon,mechanical,other,480000,2000,gas,True,gasoline,2.0,sedan,False,owned,front,2200.0,True,Минская обл.,12,7,False,True,False,False,True,False,False,False,False,True,37
Chrysler,Voyager,mechanical,green,406600,2002,diesel,False,diesel,2.5,minivan,False,owned,front,5596.13,True,Витебская обл.,13,3,False,True,False,False,False,False,False,False,False,False,11
Chrysler,300,automatic,black,215000,2005,gasoline,False,gasoline,5.7,sedan,False,owned,rear,9000.0,False,Минская обл.,7,18,False,True,True,False,True,True,True,True,True,True,21
Chrysler,Sebring,automatic,silver,160000,2007,gasoline,False,gasoline,2.7,sedan,False,owned,front,5490.0,True,Гомельская обл.,3,77,False,True,False,False,False,False,False,True,True,False,164
Chrysler,Town&Country,automatic,silver,350000,2005,gas,True,gasoline,3.8,minivan,False,owned,front,8700.0,True,Брестская обл.,13,23,False,True,False,True,True,True,False,False,True,True,41
Chrysler,Neon,automatic,silver,240000,2002,gasoline,False,gasoline,2.0,sedan,False,owned,front,1900.0,False,Минская обл.,16,14,False,True,False,False,False,False,False,False,False,False,17
Chrysler,300,automatic,white,238011,2007,gas,True,gasoline,2.7,sedan,False,owned,rear,8400.0,True,Брестская обл.,4,10,False,True,True,False,False,False,False,False,True,False,12
Chrysler,300,automatic,yellow,402336,2000,gasoline,False,gasoline,2.7,sedan,False,owned,front,2500.0,False,Витебская обл.,7,2,True,False,False,False,False,False,False,False,False,False,8
Chrysler,PT Cruiser,automatic,grey,125000,2006,gasoline,False,gasoline,2.4,hatchback,False,owned,front,4800.0,False,Минская обл.,7,37,False,True,False,False,False,False,False,False,False,False,97
Chrysler,Voyager,automatic,other,250000,1996,gasoline,False,gasoline,2.0,minivan,False,owned,front,2500.0,False,Гомельская обл.,3,5,True,False,False,False,False,False,False,False,False,False,9
Chrysler,Pacifica,automatic,green,320000,2005,gas,True,gasoline,3.5,universal,False,owned,front,4950.0,True,Гродненская обл.,6,22,True,False,False,False,False,False,False,False,False,False,29
Chrysler,Pacifica,automatic,blue,315000,2004,gas,True,gasoline,3.5,minivan,False,owned,all,6350.0,True,Гомельская обл.,14,26,False,True,False,False,True,False,False,False,False,True,164
Chrysler,300,automatic,black,450000,2008,gas,True,gasoline,3.5,sedan,False,owned,rear,8500.0,True,Могилевская обл.,11,6,False,False,False,False,True,False,False,False,False,True,8
Chrysler,Voyager,automatic,green,435000,1998,gasoline,False,gasoline,2.4,minivan,False,owned,front,3000.0,True,Минская обл.,15,14,False,False,True,False,False,False,False,False,False,True,17
Chrysler,Stratus,mechanical,black,401000,1997,gasoline,False,gasoline,2.0,sedan,False,owned,front,1390.0,True,Брестская обл.,5,2,False,True,False,False,False,False,False,False,False,True,10
Chrysler,300,automatic,green,199559,2004,gasoline,False,gasoline,2.7,sedan,False,owned,rear,6999.0,True,Гродненская обл.,6,23,False,True,False,False,False,False,False,False,True,False,33
Chrysler,PT Cruiser,mechanical,red,251000,2006,gasoline,False,gasoline,1.6,hatchback,False,owned,front,4800.0,True,Минская обл.,12,43,False,True,False,False,False,False,False,False,False,False,89
Chrysler,Sebring,automatic,silver,273588,2007,gasoline,False,gasoline,2.4,sedan,False,owned,front,6550.0,True,Минская обл.,4,51,False,True,True,False,True,False,True,False,True,True,313
Chrysler,300,automatic,black,198000,1999,gasoline,False,gasoline,3.5,sedan,False,owned,front,3200.0,True,Могилевская обл.,6,2,False,True,False,False,True,True,False,False,False,True,3
Chrysler,Voyager,automatic,blue,222222,2001,gas,True,gasoline,2.4,minivan,False,owned,front,1500.0,False,Брестская обл.,3,21,True,False,False,False,False,False,False,False,False,False,28
Chrysler,Neon,mechanical,green,355222,1996,gasoline,False,gasoline,2.0,sedan,False,owned,front,620.0,True,Минская обл.,3,6,False,False,True,False,False,False,False,False,False,True,13
Chrysler,Voyager,mechanical,violet,350000,1997,gasoline,False,gasoline,2.4,minivan,False,owned,front,1400.0,False,Могилевская обл.,6,10,False,False,False,False,False,False,False,False,True,True,25
Chrysler,Voyager,automatic,grey,243000,2006,diesel,False,diesel,2.8,minivan,False,owned,front,7490.0,False,Минская обл.,22,96,False,True,False,False,True,True,False,False,True,True,130
Chrysler,300,automatic,black,270000,2007,diesel,False,diesel,3.0,universal,False,owned,rear,10000.0,False,Минская обл.,8,14,False,True,True,True,True,True,True,True,True,True,18
Chrysler,Town&Country,automatic,grey,93300,2011,gasoline,False,gasoline,3.6,minibus,False,owned,front,17700.0,False,Минская обл.,13,18,False,True,False,False,True,False,True,True,True,True,41
Chrysler,Concorde,automatic,other,370149,1998,gas,True,gasoline,3.2,sedan,False,owned,front,2750.0,False,Могилевская обл.,16,8,False,True,False,True,True,False,False,False,False,True,58
Chrysler,PT Cruiser,automatic,black,300000,2004,gasoline,False,gasoline,2.4,hatchback,False,owned,front,4700.0,True,Могилевская обл.,5,68,False,True,False,False,True,True,True,True,True,True,130
Chrysler,Voyager,mechanical,green,300000,1998,gas,True,gasoline,2.4,minivan,False,owned,front,1450.0,False,Витебская обл.,8,78,False,True,False,False,False,False,False,False,False,True,215
Chrysler,Pacifica,automatic,silver,385000,2005,gas,True,gasoline,3.5,minivan,False,owned,front,7000.0,True,Гомельская обл.,10,27,False,True,False,True,True,True,True,True,True,True,104
Chrysler,Voyager,mechanical,blue,287235,1997,gasoline,False,gasoline,2.4,minivan,False,owned,front,2600.0,True,Минская обл.,7,2,False,True,False,False,False,False,False,True,False,True,3
Chrysler,Neon,mechanical,silver,260000,2000,gasoline,False,gasoline,2.0,sedan,False,owned,front,1300.0,True,Гомельская обл.,9,30,False,True,False,False,False,False,False,False,False,False,48
Chrysler,Grand Voyager,mechanical,blue,320123,1996,diesel,False,diesel,2.5,minivan,False,owned,front,2800.0,True,Минская обл.,8,6,False,False,False,False,False,False,False,True,False,True,9
Chrysler,Town&Country,automatic,blue,135185,2001,gas,True,gasoline,3.3,minivan,False,owned,front,5300.0,False,Гомельская обл.,16,4,False,False,False,True,False,False,False,True,False,True,8
Chrysler,Pacifica,automatic,blue,209000,2005,gasoline,False,gasoline,3.8,suv,False,owned,front,4999.0,False,Могилевская обл.,8,19,False,False,False,False,False,False,False,False,True,False,24
Chrysler,300,automatic,blue,220000,2007,gasoline,False,gasoline,3.5,sedan,False,owned,rear,9400.0,True,Минская обл.,8,10,False,True,True,False,True,True,True,True,True,True,13
Chrysler,LHS,automatic,grey,325000,1999,gasoline,False,gasoline,3.5,sedan,False,owned,front,3300.0,True,Брестская обл.,9,18,False,True,False,True,True,True,False,False,True,True,122
Chrysler,Neon,mechanical,white,300000,1998,gasoline,False,gasoline,1.8,sedan,False,owned,front,990.0,False,Гомельская обл.,12,1,True,False,False,False,False,False,False,False,False,False,2
Chrysler,Voyager,automatic,blue,222222,2001,gas,True,gasoline,2.4,minivan,False,owned,front,1500.0,True,Брестская обл.,2,41,True,False,False,False,False,False,False,False,False,False,53
Chrysler,Pacifica,automatic,other,346000,2003,gasoline,False,gasoline,3.5,minivan,False,owned,front,5500.0,False,Минская обл.,17,9,False,True,True,True,True,True,False,False,False,True,16
Chrysler,Pacifica,automatic,other,350000,2004,gasoline,False,gasoline,3.5,minivan,False,owned,front,4500.0,True,Могилевская обл.,9,45,False,True,False,False,False,False,False,False,True,True,75
Chrysler,Voyager,mechanical,blue,342876,2002,diesel,False,diesel,2.5,minivan,False,owned,front,5600.0,False,Гродненская обл.,7,39,False,True,False,False,True,True,False,False,False,True,110
Chrysler,Grand Voyager,mechanical,other,1,1996,diesel,False,diesel,2.5,minivan,False,owned,front,3500.0,True,Минская обл.,8,4,False,True,False,False,False,False,False,True,False,False,6
Chrysler,Sebring,automatic,white,188293,2001,gas,True,gasoline,2.4,sedan,False,owned,front,3300.0,False,Минская обл.,3,26,True,False,False,False,False,False,False,False,False,False,60
Chrysler,Stratus,mechanical,green,333000,2000,gasoline,False,gasoline,2.0,sedan,False,owned,front,750.0,False,Минская обл.,3,43,True,False,False,False,False,False,False,False,False,False,201
Chrysler,300,automatic,other,281000,2004,gasoline,False,gasoline,3.5,sedan,False,owned,rear,7500.0,False,Минская обл.,16,22,False,True,False,False,True,False,False,False,True,True,81
Chrysler,Grand Voyager,automatic,green,273588,1998,gasoline,False,gasoline,3.3,minivan,False,owned,front,2999.0,True,Минская обл.,20,4,False,True,True,False,False,False,False,False,False,True,33
Chrysler,Voyager,automatic,green,273588,1998,gasoline,False,gasoline,3.3,minivan,False,owned,front,2999.0,False,Минская обл.,20,4,False,True,True,False,False,False,False,False,False,True,33
Chrysler,Voyager,mechanical,brown,272000,2000,diesel,False,diesel,2.5,minivan,False,owned,front,3700.0,False,Минская обл.,5,9,False,False,False,False,False,False,False,False,False,True,29
Chrysler,Neon,automatic,other,225000,2000,gasoline,False,gasoline,2.0,sedan,False,owned,front,2500.0,True,Минская обл.,18,13,False,True,False,False,False,False,False,False,False,False,56
Chrysler,Pacifica,automatic,other,303000,2003,gasoline,False,gasoline,3.5,minivan,False,owned,front,4600.0,False,Минская обл.,7,18,False,True,False,False,False,False,False,False,False,True,25
Chrysler,Pacifica,automatic,black,317000,2003,gasoline,False,gasoline,3.5,minivan,False,owned,all,4741.53,True,Минская обл.,13,24,False,True,True,True,True,True,True,False,True,True,36
Chrysler,Sebring,automatic,white,200000,2004,gasoline,False,gasoline,2.4,cabriolet,False,owned,front,5850.0,True,Минская обл.,12,30,False,False,False,False,True,False,False,False,False,True,78
Chrysler,Grand Voyager,mechanical,silver,230000,1995,diesel,False,diesel,2.5,minivan,False,owned,front,3800.0,True,Минская обл.,9,20,False,False,False,False,True,False,False,False,False,True,75
Chrysler,Cirrus,automatic,silver,241402,2000,gasoline,False,gasoline,2.5,sedan,False,owned,front,2300.0,True,Минская обл.,16,7,False,True,False,False,True,False,False,False,False,True,22
Chrysler,Town&Country,automatic,other,367000,2003,gas,True,gasoline,3.8,minivan,False,owned,all,6600.0,False,Минская обл.,19,24,False,True,True,False,True,True,False,False,False,True,32
Chrysler,Sebring,automatic,grey,160934,2007,gasoline,False,gasoline,2.4,sedan,False,owned,front,4700.0,False,Минская обл.,6,36,False,True,False,False,False,False,False,True,True,False,62
Chrysler,Pacifica,automatic,silver,207605,2004,gas,True,gasoline,3.5,minivan,False,owned,front,5600.0,False,Минская обл.,17,11,False,True,False,False,True,True,False,True,True,True,19
Chrysler,Voyager,mechanical,silver,444343,2003,diesel,False,diesel,2.5,minivan,False,owned,front,6656.0,True,Гродненская обл.,16,10,True,False,False,False,False,False,False,False,False,False,89
Chrysler,Concorde,mechanical,black,300000,2001,gasoline,False,gasoline,2.7,sedan,False,owned,front,2000.0,True,Минская обл.,3,9,True,False,False,False,False,False,False,False,False,False,50
Chrysler,Neon,mechanical,silver,238000,2000,gasoline,False,gasoline,2.0,sedan,False,owned,front,1999.0,False,Минская обл.,10,31,False,True,False,False,False,False,False,False,False,False,62
Chrysler,Town&Country,automatic,blue,434523,2001,gas,True,gasoline,3.3,minivan,False,owned,front,5400.0,True,Могилевская обл.,4,8,False,True,False,False,False,False,False,False,False,True,65
Chrysler,300,automatic,white,96560,2008,gasoline,False,gasoline,2.7,sedan,False,owned,rear,12999.0,True,Минская обл.,16,80,False,True,True,True,False,True,True,True,False,True,129
Chrysler,Voyager,automatic,blue,300000,2001,gasoline,False,gasoline,3.3,minivan,False,owned,front,4250.0,False,Гомельская обл.,3,8,False,True,False,False,False,False,False,False,False,False,257
Chrysler,300,automatic,other,300000,1999,gasoline,False,gasoline,2.7,sedan,False,emergency,front,1600.0,False,Витебская обл.,6,61,False,True,False,False,True,True,False,False,True,True,98
Chrysler,Pacifica,automatic,blue,190000,2007,gasoline,False,gasoline,3.8,suv,False,owned,front,6490.0,True,Минская обл.,13,1,True,False,False,False,False,False,False,False,False,False,3
Chrysler,Concorde,automatic,violet,209215,2001,gasoline,False,gasoline,2.7,sedan,False,owned,front,3000.0,True,Витебская обл.,9,10,False,True,False,False,False,False,False,False,False,True,19
Chrysler,Voyager,mechanical,red,333333,1994,diesel,False,diesel,2.5,minivan,False,owned,front,1200.0,True,Гомельская обл.,14,4,True,False,False,False,False,False,False,False,False,False,7
Chrysler,Town&Country,automatic,black,201168,2005,gasoline,False,gasoline,3.8,minivan,False,owned,front,7899.0,True,Минская обл.,19,19,True,False,False,False,False,False,False,False,False,False,37
Chrysler,Grand Voyager,mechanical,white,500000,1997,gas,True,gasoline,2.4,minivan,False,owned,front,2500.0,False,Гродненская обл.,13,20,False,True,False,True,False,False,False,False,False,True,67
Chrysler,Stratus,automatic,green,200000,1996,gasoline,False,gasoline,2.5,sedan,False,owned,front,700.0,True,Минская обл.,7,1,False,True,False,False,False,False,False,False,False,True,3
Chrysler,Voyager,automatic,blue,390000,2001,gasoline,False,gasoline,2.4,minivan,False,owned,front,7900.0,True,Минская обл.,6,2,False,True,False,False,False,False,False,False,True,True,11
Chrysler,300,automatic,black,385000,2000,gasoline,False,gasoline,3.5,sedan,False,owned,front,3177.46,True,Минская обл.,16,3,False,False,False,False,True,True,False,False,False,True,8
Chrysler,Concorde,automatic,brown,183465,2000,gasoline,False,gasoline,2.7,sedan,False,owned,front,3200.0,False,Брестская обл.,12,1,False,True,False,False,False,False,False,False,False,False,3
Chrysler,300,automatic,black,280000,2005,gasoline,False,gasoline,5.7,sedan,False,owned,all,7990.0,True,Могилевская обл.,6,8,False,True,True,True,True,True,True,True,True,True,26
Chrysler,Pacifica,automatic,silver,266000,2005,gasoline,False,gasoline,3.5,minivan,False,owned,front,5500.0,True,Минская обл.,11,2,False,False,False,True,False,False,True,True,False,True,4
Chrysler,300,automatic,black,274600,2006,gasoline,False,gasoline,5.7,sedan,False,owned,all,8950.0,True,Минская обл.,18,1,False,True,False,True,False,True,True,False,True,True,3
Chrysler,Sebring,automatic,white,202777,2003,gasoline,False,gasoline,2.4,coupe,False,owned,front,3700.0,True,Минская обл.,4,11,False,True,False,False,False,False,False,False,False,True,31
Chrysler,Grand Voyager,automatic,black,345444,1989,gasoline,False,gasoline,3.0,minivan,False,owned,front,2250.0,False,Минская обл.,7,83,False,False,False,False,False,False,False,False,False,True,175
Chrysler,Concorde,automatic,silver,362102,2001,gasoline,False,gasoline,2.7,sedan,False,owned,front,2650.0,False,Минская обл.,4,2,False,False,False,True,False,False,False,True,False,True,5
Chrysler,Pacifica,automatic,other,202000,2006,gasoline,False,gasoline,3.5,suv,False,owned,all,6300.0,True,Могилевская обл.,11,13,False,True,True,True,False,False,False,False,False,True,95
Chrysler,Voyager,automatic,silver,240000,2001,gasoline,False,gasoline,2.4,minivan,False,owned,front,5150.0,True,Брестская обл.,9,5,True,False,False,False,False,False,False,False,False,False,85
Chrysler,Cirrus,automatic,green,265000,1999,gasoline,False,gasoline,2.5,sedan,False,owned,front,1800.0,True,Могилевская обл.,2,37,False,True,False,False,False,False,False,False,False,True,70
Chrysler,Voyager,mechanical,silver,300000,2000,diesel,False,diesel,2.5,minivan,False,owned,front,3200.0,True,Гомельская обл.,4,2,False,True,False,False,False,True,False,False,False,False,20
Chrysler,Voyager,automatic,green,300000,2000,gasoline,False,gasoline,3.0,minivan,False,owned,front,3500.0,True,Гомельская обл.,6,31,True,False,False,False,False,False,False,False,False,False,69
Chrysler,Town&Country,automatic,blue,160000,2016,gasoline,False,gasoline,3.6,minivan,False,owned,front,21800.0,False,Минская обл.,17,5,False,True,False,False,True,False,False,False,True,True,45
Chrysler,300,automatic,other,294510,2002,gasoline,False,gasoline,3.5,sedan,False,owned,front,3700.0,True,Минская обл.,9,17,False,True,False,True,True,True,False,False,True,True,42
Chrysler,Voyager,mechanical,silver,350000,1995,diesel,False,diesel,2.5,minivan,False,owned,front,3200.0,True,Минская обл.,10,32,False,False,False,False,False,False,False,False,False,True,260
Chrysler,300,automatic,white,143000,2009,gasoline,False,gasoline,3.5,sedan,False,owned,rear,11200.0,True,Минская обл.,7,3,False,True,True,False,True,False,False,True,True,True,108
Chrysler,Sebring,automatic,red,214000,2001,gasoline,False,gasoline,2.4,sedan,False,owned,front,3000.0,True,Гродненская обл.,7,2,False,True,False,False,True,False,False,False,False,True,80
Chrysler,Pacifica,automatic,green,290000,2003,gasoline,False,gasoline,3.5,suv,False,owned,all,6300.0,False,Минская обл.,5,17,False,True,False,False,True,True,False,False,True,True,62
Chrysler,Voyager,automatic,white,321869,2001,gas,True,gasoline,2.4,minivan,False,owned,front,4200.0,True,Гродненская обл.,9,1,False,True,False,False,False,False,False,False,False,False,4
Chrysler,Voyager,mechanical,silver,444800,2000,diesel,False,diesel,2.5,minivan,False,owned,front,2600.0,False,Минская обл.,14,12,False,True,False,False,False,False,False,False,True,False,35
Chrysler,Pacifica,automatic,black,300737,2004,gasoline,False,gasoline,3.5,suv,False,owned,front,6500.0,True,Минская обл.,18,13,False,True,False,False,True,True,False,False,True,True,22
Chrysler,PT Cruiser,mechanical,silver,270000,2002,diesel,False,diesel,2.2,hatchback,False,owned,front,3000.0,False,Минская обл.,4,16,False,True,False,False,False,False,False,False,False,False,140
Chrysler,Grand Voyager,automatic,other,300000,1999,gasoline,False,gasoline,3.3,minivan,False,owned,front,2500.0,False,Гродненская обл.,7,31,False,True,False,False,False,False,False,False,False,True,148
Chrysler,300,automatic,other,202777,2008,gasoline,False,gasoline,2.7,sedan,False,owned,rear,9500.0,True,Гомельская обл.,12,27,True,False,False,False,False,False,False,False,False,False,38
Chrysler,Voyager,mechanical,blue,400000,1999,gas,True,gasoline,2.4,minivan,False,owned,front,3082.61,False,Гродненская обл.,9,75,False,False,False,False,False,False,False,False,False,True,420
Chrysler,Grand Voyager,automatic,other,425000,1996,gasoline,False,gasoline,3.0,minivan,False,owned,front,3000.0,False,Гродненская обл.,5,2,True,False,False,False,False,False,False,False,False,False,21
Chrysler,Neon,mechanical,silver,300000,2000,gasoline,False,gasoline,2.0,sedan,False,owned,front,2000.0,True,Витебская обл.,8,2,True,False,False,False,False,False,False,False,False,False,47
Chrysler,Stratus,automatic,green,380000,1997,gasoline,False,gasoline,2.5,sedan,False,owned,front,1500.0,True,Гомельская обл.,10,3,False,False,False,True,True,True,True,True,False,True,12
Chrysler,Pacifica,automatic,green,317000,2006,gasoline,False,gasoline,3.5,minivan,False,owned,front,7500.0,True,Минская обл.,15,30,False,True,False,False,False,False,False,False,False,True,95
Chrysler,LHS,automatic,grey,402336,1997,gas,True,gasoline,3.5,sedan,False,owned,front,5200.0,True,Минская обл.,13,38,False,False,True,True,True,False,False,True,True,True,87
Chrysler,Grand Voyager,mechanical,black,324000,2002,gasoline,False,gasoline,2.4,minivan,False,owned,front,6300.0,False,Гродненская обл.,5,4,False,True,False,True,False,False,False,False,False,True,85
Chrysler,Pacifica,automatic,silver,333100,2006,gas,True,gasoline,3.5,minivan,False,owned,front,6200.0,True,Минская обл.,5,11,False,True,True,True,False,False,False,False,False,True,117
Chrysler,Voyager,mechanical,black,370,2003,diesel,False,diesel,2.5,minivan,False,owned,front,5850.0,True,Витебская обл.,7,1,False,True,False,False,False,False,False,False,False,True,5
Chrysler,Voyager,mechanical,grey,400000,1999,diesel,False,diesel,2.5,minivan,False,owned,front,3200.0,True,Гродненская обл.,4,9,True,False,False,False,False,False,False,False,False,False,89
Chrysler,Voyager,automatic,black,285000,2001,gasoline,False,gasoline,2.4,minivan,False,owned,front,3900.0,True,Минская обл.,4,48,False,True,False,False,False,False,False,True,True,True,89
Chrysler,Sebring,automatic,silver,165762,2002,gasoline,False,gasoline,2.4,sedan,False,owned,front,2000.0,False,Минская обл.,29,7,False,True,False,False,False,False,False,False,True,True,16
Chrysler,Pacifica,automatic,black,230000,2003,gasoline,False,gasoline,3.5,suv,False,owned,front,6000.0,False,Минская обл.,9,3,False,True,True,False,True,False,False,False,True,True,18
Chrysler,Voyager,mechanical,black,300000,2005,diesel,False,diesel,2.8,minivan,False,owned,front,7350.0,False,Минская обл.,6,11,False,True,True,True,True,False,False,False,False,True,29
Chrysler,Stratus,mechanical,other,315000,1995,gasoline,False,gasoline,2.0,sedan,False,owned,front,2200.0,False,Брестская обл.,4,1,False,True,True,False,False,False,False,False,False,False,6
Chrysler,PT Cruiser,automatic,blue,180000,2005,gasoline,False,gasoline,2.4,hatchback,False,owned,front,6000.0,False,Минская обл.,6,6,False,True,False,False,True,False,False,False,False,False,127
Chrysler,Sebring,automatic,white,193121,2004,gasoline,False,gasoline,2.7,cabriolet,False,owned,front,4000.0,True,Минская обл.,6,11,False,True,False,True,True,True,True,False,True,True,89
Chrysler,Concorde,automatic,grey,321869,1999,gasoline,False,gasoline,2.7,sedan,False,owned,front,2900.0,True,Минская обл.,3,2,False,True,False,False,True,True,False,False,False,True,9
Chrysler,Town&Country,automatic,other,300,2001,gasoline,False,gasoline,3.3,minivan,False,owned,front,5600.0,True,Брестская обл.,26,1,False,False,False,False,False,False,True,False,False,True,6
Chrysler,Pacifica,automatic,green,277000,2007,gas,True,gasoline,4.0,minivan,False,owned,all,9000.0,False,Минская обл.,8,27,False,False,False,True,True,True,True,False,True,True,56
Chrysler,Town&Country,automatic,silver,265000,2001,gas,True,gasoline,3.3,minivan,False,owned,front,5200.0,False,Минская обл.,4,1,False,True,False,False,False,False,False,False,False,False,6
Chrysler,Cirrus,automatic,grey,386243,1997,gasoline,False,gasoline,2.5,sedan,False,owned,front,1500.0,False,Гродненская обл.,7,14,False,True,False,False,True,False,False,False,False,True,24
Chrysler,Grand Voyager,mechanical,silver,420000,2003,diesel,False,diesel,2.5,minivan,False,owned,front,7500.0,True,Могилевская обл.,16,3,False,True,True,True,True,True,True,True,True,True,23
Chrysler,Voyager,mechanical,black,260000,2000,gasoline,False,gasoline,2.0,minivan,False,owned,front,4200.0,False,Минская обл.,14,46,False,True,False,True,False,False,False,False,False,False,167
Chrysler,Voyager,mechanical,green,588586,1996,diesel,False,diesel,2.5,minivan,False,owned,front,1500.0,True,Могилевская обл.,5,1,False,True,True,False,False,False,False,False,False,False,7
Chrysler,Sebring,automatic,silver,195299,2003,gas,True,gasoline,2.4,sedan,False,owned,front,3700.0,False,Минская обл.,18,44,True,False,False,False,False,False,False,False,False,False,118
Chrysler,Pacifica,automatic,other,255000,2003,gasoline,False,gasoline,3.5,minivan,False,owned,all,6300.0,False,Минская обл.,31,6,False,True,True,False,True,False,False,False,True,True,67
Chrysler,LHS,automatic,silver,321869,2000,gasoline,False,gasoline,3.5,sedan,False,owned,front,2400.0,True,Минская обл.,3,13,False,False,False,False,True,True,False,False,True,False,57
Chrysler,Voyager,mechanical,black,340000,1998,diesel,False,diesel,2.5,minivan,False,owned,front,3500.0,True,Брестская обл.,5,70,False,True,True,False,False,False,False,False,True,True,173
Chrysler,Neon,automatic,grey,311000,2000,gasoline,False,gasoline,2.0,sedan,False,owned,front,2020.0,False,Минская обл.,9,11,False,True,False,False,False,False,False,False,False,False,108
Chrysler,Pacifica,automatic,red,255000,2003,gas,True,gasoline,3.5,minivan,False,owned,all,7000.0,False,Минская обл.,14,14,False,False,False,True,True,True,False,False,False,True,26
Chrysler,PT Cruiser,mechanical,blue,252534,2003,diesel,False,diesel,2.2,universal,False,owned,front,3700.0,False,Минская обл.,7,11,False,True,False,False,True,True,False,False,True,True,91
Chrysler,Pacifica,automatic,black,197000,2006,gasoline,False,gasoline,4.0,minivan,False,owned,front,6800.0,False,Минская обл.,8,12,False,True,False,False,False,False,False,False,True,True,105
Chrysler,300,automatic,black,244620,2006,gasoline,False,gasoline,3.5,sedan,False,owned,rear,8900.0,True,Минская обл.,16,1,False,True,False,False,True,False,False,False,True,True,8
Chrysler,Voyager,automatic,silver,213000,1999,gas,True,gasoline,2.4,minivan,False,owned,front,4500.0,True,Гомельская обл.,4,57,False,True,True,False,False,False,False,False,False,True,484
Chrysler,Voyager,mechanical,violet,390000,1997,gasoline,False,gasoline,2.4,minivan,False,owned,front,3000.0,True,Минская обл.,17,3,False,False,False,False,False,False,False,False,False,True,89
Chrysler,Neon,automatic,other,245000,2000,gasoline,False,gasoline,2.0,sedan,False,owned,front,1000.0,True,Минская обл.,15,5,False,True,False,True,True,False,False,False,False,True,29
Chrysler,Grand Voyager,automatic,black,231000,2007,diesel,False,diesel,2.8,minivan,False,owned,front,10400.0,True,Минская обл.,11,25,False,True,False,True,True,True,False,False,False,False,159
Chrysler,Pacifica,automatic,blue,325000,2005,gas,True,gasoline,3.5,minivan,False,owned,all,7000.0,False,Минская обл.,17,11,False,True,True,False,True,True,False,False,False,True,84
Chrysler,300,automatic,white,170000,2005,gasoline,False,gasoline,2.7,sedan,False,owned,rear,9900.0,False,Минская обл.,6,130,False,True,True,False,True,False,False,False,True,True,415
Chrysler,Neon,automatic,other,350000,2000,gasoline,False,gasoline,2.0,sedan,False,owned,front,1800.0,True,Брестская обл.,8,8,False,True,False,False,True,False,False,False,True,False,22
Chrysler,Neon,mechanical,black,230000,2001,gasoline,False,gasoline,2.0,sedan,False,owned,front,1800.0,False,Минская обл.,11,35,False,True,False,False,True,False,False,False,False,False,201
Chrysler,Stratus,mechanical,grey,278000,1999,gasoline,False,gasoline,2.0,cabriolet,False,owned,front,4500.0,True,Минская обл.,8,10,False,True,False,False,True,False,False,False,False,True,88
Chrysler,Grand Voyager,mechanical,blue,333333,1996,diesel,False,diesel,2.5,minivan,False,owned,front,3800.0,True,Брестская обл.,5,169,False,True,True,False,False,False,False,True,False,False,407
Chrysler,Neon,automatic,black,200000,1998,gasoline,False,gasoline,2.0,hatchback,False,owned,front,800.0,True,Минская обл.,8,18,False,True,False,False,True,True,False,False,False,True,119
Chrysler,Sebring,automatic,red,260000,2001,gasoline,False,gasoline,2.4,sedan,False,owned,front,2700.0,True,Гродненская обл.,6,1,False,False,False,False,True,False,False,False,False,False,10
Chrysler,Town&Country,automatic,green,123654,1997,gasoline,False,gasoline,3.8,minivan,False,owned,front,2900.0,False,Брестская обл.,4,5,False,True,False,False,True,False,False,False,False,False,28
Chrysler,Sebring,automatic,grey,198000,2006,gasoline,False,gasoline,2.7,sedan,False,emergency,front,2000.0,True,Брестская обл.,17,5,False,True,False,False,True,True,False,True,True,True,82
Chrysler,Pacifica,automatic,black,370000,2003,gas,True,gasoline,3.5,suv,False,owned,all,6500.0,True,Минская обл.,17,1,False,False,False,False,True,True,True,False,True,True,10
Chrysler,Stratus,automatic,violet,297085,1998,gasoline,False,gasoline,2.5,sedan,False,owned,front,2500.0,True,Гомельская обл.,8,1,False,False,False,False,True,False,False,False,False,True,10
Chrysler,PT Cruiser,mechanical,black,192000,2001,gasoline,False,gasoline,1.6,hatchback,False,owned,front,4000.0,True,Минская обл.,4,3,False,True,False,False,False,False,False,False,False,True,27
Chrysler,Voyager,mechanical,other,300000,2003,gasoline,False,gasoline,2.4,minivan,False,owned,front,5600.0,False,Минская обл.,6,5,False,True,False,False,False,False,False,False,False,True,59
Chrysler,Grand Voyager,automatic,green,314000,2000,gas,True,gasoline,3.3,minivan,False,owned,front,4000.0,False,Минская обл.,18,19,False,True,False,False,False,False,False,False,False,False,203
Chrysler,Pacifica,automatic,silver,423257,2004,gas,True,gasoline,3.5,suv,False,owned,front,6000.0,False,Минская обл.,5,4,False,True,False,False,True,False,False,True,True,False,46
Chrysler,PT Cruiser,mechanical,silver,250000,2000,gasoline,False,gasoline,2.0,hatchback,False,owned,front,3400.0,False,Минская обл.,12,3,False,True,False,False,True,True,False,True,True,True,39
Chrysler,Neon,mechanical,other,170000,1995,gasoline,False,gasoline,2.0,sedan,False,owned,front,1700.0,True,Могилевская обл.,9,352,False,True,True,False,False,False,False,False,False,False,571
Chrysler,Pacifica,automatic,other,303000,2005,gas,True,gasoline,3.5,minivan,False,owned,front,7350.0,False,Минская обл.,6,1,False,False,True,True,True,True,False,True,True,True,11
Chrysler,Voyager,automatic,silver,243000,2002,gasoline,False,gasoline,2.4,minivan,False,owned,front,4700.0,False,Брестская обл.,8,14,True,False,False,False,False,False,False,False,False,False,225
Chrysler,Grand Voyager,mechanical,green,250000,2003,diesel,False,diesel,2.5,minivan,False,owned,front,6500.0,False,Минская обл.,3,7,False,True,True,True,True,True,True,True,True,True,91
Chrysler,180,mechanical,other,200000,1978,gasoline,False,gasoline,1.8,sedan,False,owned,front,2300.0,True,Брестская обл.,5,2,True,False,False,False,False,False,False,False,False,False,46
Chrysler,Town&Country,automatic,black,316477,2005,gasoline,False,gasoline,3.3,minivan,False,owned,front,5400.0,False,Минская обл.,11,9,False,True,False,False,False,False,False,False,False,False,56
Chrysler,Grand Voyager,automatic,blue,300000,2000,gasoline,False,gasoline,3.3,minivan,False,owned,front,1000.0,False,Гомельская обл.,7,10,True,False,False,False,False,False,False,False,False,False,61
Chrysler,Grand Voyager,automatic,black,300000,1991,gasoline,False,gasoline,3.3,minivan,False,owned,front,2500.0,False,Минская обл.,2,8,False,True,False,False,True,False,False,False,False,True,99
Chrysler,Town&Country,automatic,red,215800,2002,gasoline,False,gasoline,3.3,minivan,False,owned,front,6399.0,True,Минская обл.,18,24,False,True,False,False,False,False,False,False,True,True,44
Chrysler,Sebring,automatic,silver,134000,2008,gasoline,False,gasoline,2.7,sedan,False,owned,front,7499.0,True,Минская обл.,18,18,False,True,False,True,False,True,False,False,True,True,36
Chrysler,Town&Country,automatic,silver,115770,2012,gasoline,False,gasoline,3.6,minivan,False,owned,front,19999.0,True,Минская обл.,19,9,False,True,False,False,False,False,False,False,False,True,23
Chrysler,Sebring,automatic,silver,60000,2004,gasoline,False,gasoline,3.0,coupe,False,owned,front,3999.0,True,Минская обл.,17,49,False,True,False,False,False,False,False,False,False,True,83
Chrysler,Town&Country,automatic,silver,181300,2007,gasoline,False,gasoline,3.3,minivan,False,owned,front,8799.0,True,Минская обл.,18,38,False,True,False,False,False,False,False,False,True,False,66
Chrysler,Town&Country,automatic,grey,288000,2003,gasoline,False,gasoline,3.8,minivan,False,owned,front,7799.0,True,Минская обл.,17,5,True,False,False,False,False,False,False,False,False,False,16
Chrysler,Voyager,mechanical,silver,400000,2002,diesel,False,diesel,2.5,minivan,False,owned,front,6800.0,True,Могилевская обл.,9,13,False,True,False,False,False,False,False,False,False,True,55
Chrysler,Grand Voyager,mechanical,blue,400000,1998,diesel,False,diesel,2.5,minivan,False,owned,front,4200.0,True,Минская обл.,9,12,True,False,False,False,False,False,False,False,False,False,69
Chrysler,300,automatic,black,361350,2001,gasoline,False,gasoline,3.5,sedan,False,owned,front,2700.0,False,Минская обл.,19,10,False,True,False,True,True,True,False,False,True,True,30
Chrysler,Pacifica,automatic,brown,310000,2006,gasoline,False,gasoline,3.5,minivan,False,owned,front,7300.0,True,Минская обл.,8,39,False,True,False,False,True,True,False,False,True,True,491
Chrysler,Grand Voyager,automatic,silver,360000,2000,gas,True,gasoline,3.3,minivan,False,owned,front,3600.0,False,Гомельская обл.,10,1,False,True,True,True,False,False,False,False,True,True,12
Chrysler,Voyager,mechanical,silver,283450,2002,diesel,False,diesel,2.5,minivan,False,owned,front,6399.0,True,Минская обл.,17,21,False,True,False,False,False,True,False,False,True,True,42
Chrysler,Grand Voyager,mechanical,other,300000,2002,gas,True,gasoline,2.4,minivan,False,owned,front,6550.0,False,Брестская обл.,16,11,False,True,False,False,False,False,False,False,False,False,73
Chrysler,Pacifica,automatic,silver,121336,2016,gasoline,False,gasoline,3.6,minivan,False,emergency,front,10350.0,False,Минская обл.,6,3,False,True,False,True,True,True,False,True,True,True,37
Chrysler,Grand Voyager,automatic,black,399325,1998,gas,True,gasoline,2.4,minivan,False,owned,front,3000.0,True,Минская обл.,15,52,False,True,True,True,False,False,False,False,False,True,152
Chrysler,Voyager,mechanical,blue,222222,2000,diesel,False,diesel,2.5,minivan,False,owned,front,2950.0,False,Гомельская обл.,19,1,False,True,False,False,False,False,False,False,False,True,13
Chrysler,Voyager,automatic,black,400000,1989,gasoline,False,gasoline,3.0,minivan,False,owned,front,2000.0,False,Минская обл.,10,19,False,False,False,False,False,False,False,False,False,True,151
Chrysler,Vision,automatic,red,300000,1993,gas,True,gasoline,3.5,sedan,False,owned,front,950.0,False,Могилевская обл.,4,56,False,True,False,False,True,False,False,False,False,True,228
Chrysler,Voyager,mechanical,black,250000,2000,diesel,False,diesel,2.5,minivan,False,owned,front,3900.0,False,Минская обл.,9,6,False,True,False,False,False,False,False,False,False,True,196
Chrysler,Town&Country,automatic,silver,440960,2001,gas,True,gasoline,3.3,minivan,False,owned,front,4400.0,False,Могилевская обл.,6,3,False,True,False,False,False,False,False,False,False,True,73
Chrysler,LHS,automatic,silver,370000,2001,gasoline,False,gasoline,3.5,sedan,False,owned,front,3500.0,True,Гродненская обл.,8,30,False,True,False,False,True,True,False,False,True,True,61
Chrysler,Cirrus,automatic,red,241402,1998,gasoline,False,gasoline,2.5,sedan,False,owned,front,1900.0,True,Витебская обл.,8,15,False,True,False,False,True,False,False,False,False,True,91
Chrysler,300,automatic,white,160000,2005,gasoline,False,gasoline,3.5,limousine,False,owned,rear,15000.0,True,Гродненская обл.,14,7,False,True,True,True,True,True,False,True,True,True,23
Chrysler,300,mechanical,silver,230000,2005,gasoline,False,gasoline,3.5,sedan,False,owned,all,7800.0,True,Гомельская обл.,8,10,False,True,True,False,True,True,False,True,True,True,62
Chrysler,Voyager,mechanical,violet,350000,1999,gasoline,False,gasoline,2.0,minivan,False,owned,front,2100.0,True,Минская обл.,10,9,False,True,False,False,False,False,False,False,False,False,66
Chrysler,Stratus,mechanical,other,314000,1998,gasoline,False,gasoline,2.0,sedan,False,owned,front,1300.0,False,Минская обл.,10,4,False,True,True,False,False,False,False,False,False,False,82
Chrysler,PT Cruiser,automatic,silver,267151,2004,gasoline,False,gasoline,2.4,hatchback,False,owned,front,3000.0,False,Могилевская обл.,13,6,False,True,False,True,False,False,False,False,True,True,59
Chrysler,Pacifica,automatic,black,320000,2005,gasoline,False,gasoline,3.5,suv,False,owned,front,6500.0,False,Брестская обл.,8,5,False,True,False,False,False,True,False,False,True,True,110
Chrysler,Town&Country,automatic,red,281635,2004,gasoline,False,gasoline,3.3,minivan,False,owned,front,4500.0,False,Минская обл.,41,12,False,True,False,True,False,False,False,False,True,False,62
Chrysler,Town&Country,automatic,black,194000,2007,gasoline,False,gasoline,3.8,minivan,False,owned,front,10500.0,True,Минская обл.,2,3,False,True,False,True,True,True,True,True,True,True,88
Chrysler,Town&Country,automatic,grey,127000,2015,gasoline,False,gasoline,3.6,minivan,False,owned,front,26500.0,True,Минская обл.,1,4,False,True,False,False,True,True,True,True,True,True,88
Chrysler,Voyager,automatic,silver,313822,2001,gasoline,False,gasoline,3.3,minivan,False,owned,front,2700.0,False,Минская обл.,9,8,False,True,False,False,True,False,False,False,False,True,43
Chrysler,Stratus,automatic,green,284000,1996,gasoline,False,gasoline,2.5,sedan,False,owned,front,2450.0,False,Минская обл.,10,5,False,True,True,False,True,True,False,False,True,True,52
Chrysler,Voyager,automatic,grey,250000,2000,gasoline,False,gasoline,2.4,minivan,False,owned,front,1896.99,False,Гомельская обл.,10,8,True,False,False,False,False,False,False,False,False,False,159
Chrysler,Voyager,mechanical,black,352000,2004,diesel,False,diesel,2.5,minivan,False,owned,front,6500.0,False,Брестская обл.,8,1,False,True,False,False,False,False,False,True,False,True,21
Chrysler,Voyager,automatic,silver,241402,2000,gasoline,False,gasoline,2.4,minivan,False,owned,front,1900.0,False,Гомельская обл.,6,1,False,False,True,False,False,False,False,False,False,False,21